{
  "type": "origins:stacking_status_effect",
  "min_stacks": 0,
  "max_stacks": 1,
  "duration_per_stack": 20,
  "effect": {
      "effect": "minecraft:slowness",
      "duration": 100,
      "amplifier": 1,
      "is_ambient": true,
      "show_particles": false,
      "show_icon": true
  },
  "condition": {
      "type": "origins:on_fire",
      "inverted": true
  },
  "name": "Cooling",
  "description": "Your magmatic body is not made for low to moderate temperatures. You gain slowness 2 when not on fire."   
}