{
    "name": "Fire Eater",
	"description": "You can eat magma cream.",
	"key": {
        "key": "key.use",
        "continuous": true
    },
    "type": "origins:active_self",
    "cooldown": 45,
    "hud_render": {
        "should_render": false
    },
    "condition": {
        "type": "origins:and",
        "conditions": [
            {
                "type": "origins:equipped_item",
                "equipment_slot": "mainhand",
                "item_condition": {
                    "type": "origins:ingredient",
                    "ingredient": {
                        "item": "minecraft:magma_cream"
                    }
                }
            },
            {
                "type": "origins:food_level",
                "comparison": "<",
                "compare_to": 20
            }
        ]
    },
    "entity_action": {
        "type": "origins:and",
        "actions": [
            {
                "type": "origins:execute_command",
                "command": "clear @s magma_cream 1"
            },
            {
                "type": "origins:feed",
                "food": 5,
                "saturation": 0.5
            },
            {
                "type": "origins:execute_command",
                "command": "playsound minecraft:entity.generic.eat player @s ~ ~ ~ 1 1"
            }
        ]
    },
    "hidden": true
}
