{
  "type": "origins:active_self",
  "entity_action": {
    "type": "origins:and",
    "actions": [
      {
        "type": "origins:set_on_fire",
        "duration": 12
      },
      {
	"type": "origins:exhaust",
	"interval": 12,
  "amount": 24
  },
  {"type": "origins:play_sound",
    "sound": "minecraft:entity.blaze.shoot"
  }
    ]
  },
  "cooldown": 10,
  "hud_render": {
    "should_render": false
  },
  "name": "Flare",
  "description": "Use some energy to increase your body heat and set yourself on fire.",
  "key": {
    "key": "key.origins.primary_active",
    "continuous": true
  }
}