{
    "type": "origins:active_self",
    "entity_action": {
        "type": "origins:and",
        "actions": [
            {
                "type": "origins:apply_effect",
                "effect": {
                    "effect": "minecraft:slowness",
                    "duration": 100,
                    "amplifier": 100,
                    "is_ambient": true,
                    "show_particles": false,
                    "show_icon": true
				}
            },
            {
                "type": "origins:apply_effect",
                "effect": {
                    "effect": "minecraft:resistance",
                    "duration": 100,
                    "amplifier": 4,
                    "is_ambient": true,
                    "show_particles": false,
                    "show_icon": true
                }
            },
			{
                "type": "origins:apply_effect",
                "effect": {
                    "effect": "minecraft:jump_boost",
                    "duration": 100,
                    "amplifier": 245,
                    "is_ambient": true,
                    "show_particles": false,
                    "show_icon": false
                }
            },
			{
                "type": "origins:apply_effect",
                "effect": {
                    "effect": "minecraft:weakness",
                    "duration": 100,
                    "amplifier": 245,
                    "is_ambient": true,
                    "show_particles": false,
                    "show_icon": true
                }
            },
			{
                "type": "origins:apply_effect",
                "effect": {
                    "effect": "minecraft:mining_fatigue",
                    "duration": 100,
                    "amplifier": 5,
                    "is_ambient": true,
                    "show_particles": false,
                    "show_icon": true
                }
            }
        ]
    },
    "cooldown": 200,
    "hud_render": {
        "should_render": false
    },
    "key": {
        "key": "key.origins.secondary_active"
    },
    "name": "Freeze",
	"description": "Freeze yourself stone solid, rendering you immobile, but immune to damage!"
}