{
    "type": "origins:action_on_land",
    "entity_action": {
        "type": "origins:explode",
        "power": 3,
        "destruction_type": "none",
        "damage_self": false
    },
    "condition": {
        "type": "origins:and",
        "conditions": [
            {
                "type": "origins:fall_distance",
                "comparison": ">",
                "compare_to": 6
            },
            {
                "type": "origins:status_effect",
                "effect": "minecraft:resistance"
            }
        ]
    },
    "name": "Impact",
    "description": "Falling from a tall height while having resistance will generate a damaging shockwave!"
}