{
 "type": "origins:multiple",
 "melting": {
  "type": "origins:stacking_status_effect",
  "min_stacks": 0,
  "max_stacks": 1,
  "duration_per_stack": 20,
  "effect": {
	  "effect": "minecraft:speed",
      "duration": 100,
      "amplifier": 1,
      "is_ambient": true,
      "show_particles": false,
      "show_icon": true
    },
  "condition": {
   "type": "origins:submerged_in",
   "fluid": "minecraft:lava"
  }
 },
 "lava_energy":  {
  "type": "origins:stacking_status_effect",
  "min_stacks": 0,
  "max_stacks": 1,
  "duration_per_stack" : 20,
  "amplifier": 0,
  "effect": {
   "effect": "minecraft:saturation",
      "duration": 100,
      "amplifier": 1,
      "is_ambient": true,
      "show_particles": false,
      "show_icon": true
  },
  "condition": {
   "type": "origins:submerged_in",
   "fluid": "minecraft:lava"
  }
 },
 "name": "Melting",
 "description": "Your magmatic body is made for lava. In lava, you can swim like it's water, see much better, and you gain saturation and extra speed."
}